VERSION, 251
UNIT_SYSTEM,MKS
UNIT_ANGLE,deg

BODY_TYPE,QUALITY_CRITERIA,ERROR_CHECK,TARGET_LIMIT,FAILURE_LIMIT
SHEETS
SOLIDS
,MAX_ASPECT_RATIO,n,5.000000000000000,1000.000000000000000
,MIN_ELEMENT_QUALITY,n,0.050000000000000,0.000500000000000
,MIN_ORTHOGONAL_QUALITY,n,0.050000000000000,0.005000000000000
,MAX_SKEWNESS,n,0.900000000000000,0.999000000000000
SOLID_SURFACES
,MAX_ASPECT_RATIO,n,5.000000000000000,1000.000000000000000
,MAX_SKEWNESS,n,0.900000000000000,0.999000000000000
